thread	slug	topic	status
1a11732347ae2ceb	steroids-septic-shock-pneumonia	Corticosteroids in septic shock and severe pneumonia	batch1
1a117323e82b4d33	pe-with-rv-failure	Pulmonary embolism with right ventricular failure	batch1
1a117324d24ede77	non-invasive-support-intubation-timing	Non-invasive respiratory support and timing of intubation	batch1
1a117325ca7d5905	severe-cap-on-icu	Severe community-acquired pneumonia on ICU	batch1
1a117326a7e19172	weaning-extubation-tracheostomy	Weaning, extubation and tracheostomy	batch1
1a1173274df0367f	aki-rrt-timing	Acute kidney injury and timing of renal replacement therapy	batch1
1a1173281904ba55	transfusion-thresholds	Red cell transfusion thresholds in critical illness	batch2
1a117328dadd877a	nutrition-in-critical-illness	Nutrition in critical illness	batch2
1a117329ac4230d8	antimicrobial-stewardship-icu	Antimicrobial stewardship on ICU	batch2
1a11732a42a2bcbd	invasive-fungal-infection-icu	Invasive fungal infection on ICU	batch2
1a11732baabcc913	emergency-laparotomy	Emergency laparotomy: perioperative care and who needs ICU	batch2
1a11732c6356a9cf	airway-management-critically-ill	Airway management in the critically ill	batch2
1a11732d1a606e90	frailty-older-surgical-patient	Frailty and the older surgical patient	batch3
1a11732e392b918b	ceilings-of-care-escalation-plans	Ceilings of care and treatment escalation plans	batch3
1a11732ea5159414	capacity-on-icu	Assessing capacity on ICU	batch3
1a11732f49a4bb00	dcd-organ-donation	Organ donation after circulatory death	batch3
1a1173302b638c17	post-intensive-care-syndrome	Post-intensive care syndrome and recovery after ICU	batch3
1a117330fdec25cc	delirium-and-sedation	Delirium and sedation on ICU	batch3
